hh,mm,ss,sss,acc_x,acc_y,acc_z,gyro_x,gyro_y,gyro_z,f1,f2,f3,f4,f5,f6,f7,f8,clear,nir,mains_hz,mains_category,step_count
0,0,0,0,-0.9824518570513017,0.0014648884548478652,0.006836146122623371,0.52,-2.4457142857142857,-3.9257142857142857,0,0,0,0,0,0,0,0,0,0,0,no mains / natural or DC,0
0,0,0,10,-0.9824518570513017,0.0014648884548478652,0.006836146122623371,0.52,-2.4457142857142857,-3.9257142857142857,0,0,0,0,0,0,0,0,0,0,0,no mains / natural or DC,0
0,0,0,20,-0.9706106753746147,0.0009765923032319102,-0.0017090365306558428,0.6914285714285714,-2.297142857142857,-3.4571428571428573,0,0,0,0,0,0,0,0,0,0,0,no mains / natural or DC,0
0,0,0,30,-0.9706106753746147,0.0009765923032319102,-0.0017090365306558428,0.6914285714285714,-2.297142857142857,-3.4571428571428573,0,0,0,0,0,0,0,0,0,0,0,no mains / natural or DC,0
0,0,0,40,-0.9613330484939115,0.002990813928647725,-0.010620441297647023,0.8971428571428571,-2.354285714285714,-2.777142857142857,0,0,0,0,0,0,0,0,0,0,0,no mains / natural or DC,0
0,0,0,50,-0.9613330484939115,0.002990813928647725,-0.010620441297647023,0.8971428571428571,-2.354285714285714,-2.777142857142857,0,0,0,0,0,0,0,0,0,0,0,no mains / natural or DC,0
0,0,0,60,-0.9617603076265755,0.00891140476699118,-0.020569475386822106,1.2057142857142857,-2.24,-1.6857142857142857,0,0,0,0,0,0,0,0,0,0,0,no mains / natural or DC,0
0,0,0,70,-0.9617603076265755,0.00891140476699118,-0.020569475386822106,1.2057142857142857,-2.24,-0.22285714285714286,0,0,0,0,0,0,0,0,0,0,0,no mains / natural or DC,0
0,0,0,80,-0.956877346110416,0.016479995117038484,-0.02893154698324534,1.5542857142857143,-1.8114285714285714,-0.08,0,0,0,0,0,0,0,0,0,0,0,no mains / natural or DC,0
0,0,0,90,-0.9443037202063052,0.021485030671102023,-0.038331247901852473,1.937142857142857,-1.4628571428571429,1.7771428571428571,36,30,4191,3138,111,1535,37,32,4010,3125,0,no mains / natural or DC,0
0,0,0,100,-0.9091463972899564,0.1870784630878628,-0.18420972319711906,16.005714285714287,0.38285714285714284,2.0685714285714285,36,30,4191,3138,111,1535,37,32,4010,3125,0,no mains / natural or DC,0
0,0,0,110,-0.8947416608172857,0.1889095736564226,-0.19647816400646992,16.417142857142856,0.38285714285714284,2.0685714285714285,36,30,4191,3138,111,1535,37,32,4010,3125,0,no mains / natural or DC,0
0,0,0,120,-0.8947416608172857,0.1889095736564226,-0.19647816400646992,16.417142857142856,0.38285714285714284,2.0685714285714285,36,30,4191,3138,111,1535,37,32,4010,3125,0,no mains / natural or DC,0
0,0,0,130,-0.8866237372966704,0.206610309152501,-0.21735282448805202,16.497142857142858,-1.3257142857142856,-0.8228571428571428,36,30,4191,3138,111,1535,37,32,4010,3125,0,no mains / natural or DC,0
0,0,0,140,-0.8866237372966704,0.206610309152501,-0.21735282448805202,16.497142857142858,-1.3257142857142856,-0.8228571428571428,36,30,4191,3138,111,1535,37,32,4010,3125,0,no mains / natural or DC,0
0,0,0,150,-0.8905301065095981,0.2153996398815882,-0.23651844843897823,16.417142857142856,-3.3714285714285714,-3.777142857142857,36,30,4191,3138,111,1535,37,32,4010,3125,0,no mains / natural or DC,0
0,0,0,160,-0.8905301065095981,0.2153996398815882,-0.23651844843897823,16.417142857142856,-3.3714285714285714,-3.777142857142857,36,30,4191,3138,111,1535,37,32,4010,3125,0,no mains / natural or DC,0
0,0,0,170,-0.8867458113345744,0.217535935544908,-0.2488479262672811,16.102857142857143,-5.588571428571429,-6.902857142857143,36,30,4191,3138,111,1535,37,32,4010,3125,0,no mains / natural or DC,0
0,0,0,180,-0.8867458113345744,0.217535935544908,-0.2488479262672811,16.102857142857143,-5.588571428571429,-6.902857142857143,36,30,4191,3138,111,1535,37,32,4010,3125,0,no mains / natural or DC,0
0,0,0,190,-0.8767967772453993,0.21021149327066865,-0.25153355510116887,15.388571428571428,-8.005714285714285,-10.108571428571429,31,25,2460,2871,104,0,31,25,2590,2839,0,no mains / natural or DC,0
0,0,0,200,-1.1163060396130253,-0.3140354625080111,0.2703329569383831,-17.605714285714285,-0.18857142857142858,-9.782857142857143,31,25,2460,2871,104,0,31,25,2590,2839,0,no mains / natural or DC,0
0,0,0,210,-1.1163060396130253,-0.3140354625080111,0.2703329569383831,-17.605714285714285,-0.18857142857142858,-9.782857142857143,31,25,2460,2871,104,0,31,25,2590,2839,0,no mains / natural or DC,0
0,0,0,220,-1.0593585009308146,-0.2883388775292215,0.25672170171208836,-18.194285714285716,2.4171428571428573,-3.3142857142857145,31,25,2460,2871,104,0,31,25,2590,2839,0,no mains / natural or DC,0
0,0,0,230,-1.0593585009308146,-0.2883388775292215,0.25672170171208836,-18.194285714285716,2.4171428571428573,-3.3142857142857145,31,25,2460,2871,104,0,31,25,2590,2839,0,no mains / natural or DC,0
0,0,0,240,-0.9831232642597736,-0.23859370708334604,0.20697653126621296,-18.86285714285714,5.6571428571428575,1.6114285714285714,31,25,2460,2871,104,0,31,25,2590,2839,0,no mains / natural or DC,0
0,0,0,250,-0.9831232642597736,-0.23859370708334604,0.20697653126621296,-18.86285714285714,5.6571428571428575,1.6114285714285714,31,25,2460,2871,104,0,31,25,2590,2839,0,no mains / natural or DC,0
0,0,0,260,-0.9467452009643849,-0.18836024048585467,0.18115787224951935,-19.65714285714286,5.588571428571429,4.64,31,25,2460,2871,104,0,31,25,2590,2839,0,no mains / natural or DC,0
0,0,0,270,-0.9467452009643849,-0.18836024048585467,0.18115787224951935,-19.65714285714286,5.588571428571429,4.64,31,25,2460,2871,104,0,31,25,2590,2839,0,no mains / natural or DC,0
0,0,0,280,-0.8879055146946623,-0.13635670033875547,0.1456953642384106,-20.18285714285714,6.948571428571428,7.057142857142857,31,25,2460,2871,104,0,31,25,2590,2839,0,no mains / natural or DC,0
0,0,0,290,-0.8879055146946623,-0.13635670033875547,0.1456953642384106,-20.18285714285714,6.948571428571428,7.057142857142857,21,16,3984,2985,80,0,21,19,3919,2851,0,no mains / natural or DC,0
0,0,0,300,-0.7635120700704977,-0.18036439100314341,-0.19324320200201422,-11.28,19.754285714285714,-24.78857142857143,21,16,3984,2985,80,0,21,19,3919,2851,0,no mains / natural or DC,0
0,0,0,310,-0.7635120700704977,-0.18036439100314341,-0.2557451094088565,-14.668571428571429,1.9714285714285715,-24.02285714285714,21,16,3984,2985,80,0,21,19,3919,2851,0,no mains / natural or DC,0
0,0,0,320,-0.7537461470381787,-0.10522782067323833,-0.25800347911008026,-14.668571428571429,1.9714285714285715,-24.02285714285714,21,16,3984,2985,80,0,21,19,3919,2851,0,no mains / natural or DC,0
0,0,0,330,-1.0152897732474746,-0.0336924344615009,-0.2750938444166387,-15.674285714285714,-7.2457142857142856,-14.782857142857143,21,16,3984,2985,80,0,21,19,3919,2851,0,no mains / natural or DC,0
0,0,0,340,-1.0152897732474746,-0.0336924344615009,-0.2750938444166387,-15.674285714285714,-7.2457142857142856,-14.782857142857143,21,16,3984,2985,80,0,21,19,3919,2851,0,no mains / natural or DC,0
0,0,0,350,-1.1915646839808345,-0.011658070619830927,-0.29438154240546893,-13.857142857142858,-3.217142857142857,-5.571428571428571,21,16,3984,2985,80,0,21,19,3919,2851,0,no mains / natural or DC,0
0,0,0,360,-1.1915646839808345,-0.011658070619830927,-0.29438154240546893,-13.857142857142858,-3.217142857142857,-5.571428571428571,21,16,3984,2985,80,0,21,19,3919,2851,0,no mains / natural or DC,0
0,0,0,370,-1.1540879543443099,-0.04309213538010803,-0.28540910061952574,-10.674285714285714,4.588571428571429,-0.7771428571428571,21,16,3984,2985,80,0,21,19,3919,2851,0,no mains / natural or DC,0
0,0,0,380,-1.1540879543443099,-0.04309213538010803,-0.28540910061952574,-10.674285714285714,4.588571428571429,-0.7771428571428571,21,16,3984,2985,80,0,21,19,3919,2851,0,no mains / natural or DC,0
0,0,0,390,-0.934232612079226,-0.08777123325296793,-0.2727744376964629,-8.188571428571429,10.422857142857143,0.24,21,17,2651,4422,77,0,21,19,2667,4135,0,no mains / natural or DC,0
0,0,0,400,-1.50053407391583,-0.0662862025818659,0.3819086275826289,9.325714285714286,-27.46857142857143,-26.297142857142855,21,17,2651,4422,77,0,21,19,2667,4135,0,no mains / natural or DC,0
0,0,0,410,-1.4541459395123142,-0.06561479537339396,0.38648640400402845,9.108571428571429,-19.354285714285716,-25.6,21,17,2651,4422,77,0,21,19,2667,4135,0,no mains / natural or DC,0
0,0,0,420,-1.4541459395123142,-0.06561479537339396,0.38648640400402845,9.108571428571429,-19.354285714285716,-25.6,21,17,2651,4422,77,0,21,19,2667,4135,0,no mains / natural or DC,0
0,0,0,430,-1.3522751548814356,-0.08270516067995239,0.3891109958189642,9.06857142857143,-10.462857142857143,-25.0,21,17,2651,4422,77,0,21,19,2667,4135,0,no mains / natural or DC,0
0,0,0,440,-1.2204962309640797,-0.09076204718161565,0.34473708304086426,9.211428571428572,-0.13142857142857142,-17.28,21,17,2651,4422,77,0,21,19,2667,4135,0,no mains / natural or DC,0
0,0,0,450,-1.2204962309640797,-0.09076204718161565,0.34473708304086426,9.211428571428572,-0.13142857142857142,-17.28,21,17,2651,4422,77,0,21,19,2667,4135,0,no mains / natural or DC,0
0,0,0,460,-1.0932340464491714,-0.1032135990478225,0.28968169194616533,9.605714285714285,8.217142857142857,-9.251428571428571,21,17,2651,4422,77,0,21,19,2667,4135,0,no mains / natural or DC,0
0,0,0,470,-1.0932340464491714,-0.1032135990478225,0.28968169194616533,9.605714285714285,8.217142857142857,-9.251428571428571,21,17,2651,4422,77,0,21,19,2667,4135,0,no mains / natural or DC,0
0,0,0,480,-0.9523606067079684,-0.08886989959410382,0.22547074800866726,10.297142857142857,14.314285714285715,-2.662857142857143,21,17,2651,4422,77,0,21,19,2667,4135,0,no mains / natural or DC,0
0,0,0,490,-0.9523606067079684,-0.08886989959410382,0.22547074800866726,10.297142857142857,14.314285714285715,-2.662857142857143,16,12,4049,3122,74,0,18,13,3828,3168,0,no mains / natural or DC,0
0,0,0,500,-1.6480605487228004,-0.052003540147099216,-0.20606097598193304,-6.148571428571429,-0.34285714285714286,-26.634285714285713,16,12,4049,3122,74,0,18,13,3828,3168,0,no mains / natural or DC,0
0,0,0,510,-1.6480605487228004,-0.052003540147099216,-0.20606097598193304,-6.148571428571429,-0.34285714285714286,-26.634285714285713,16,12,4049,3122,74,0,18,13,3828,3168,0,no mains / natural or DC,0
0,0,0,520,-1.3826105533005768,-0.06616412854396192,-0.2687459944456313,-4.365714285714286,15.714285714285714,-34.09142857142857,16,12,4049,3122,74,0,18,13,3828,3168,0,no mains / natural or DC,0
0,0,0,530,-1.3826105533005768,-0.06616412854396192,-0.2687459944456313,-4.365714285714286,15.714285714285714,-34.09142857142857,16,12,4049,3122,74,0,18,13,3828,3168,0,no mains / natural or DC,0
0,0,0,540,-1.2001709036530657,-0.12262337107455672,-0.30280465102084414,-3.2742857142857145,12.205714285714286,-39.182857142857145,16,12,4049,3122,74,0,18,13,3828,3168,0,no mains / natural or DC,0
0,0,0,550,-1.2001709036530657,-0.12262337107455672,-0.30280465102084414,-2.5485714285714285,5.348571428571429,-38.82857142857143,16,12,4049,3122,74,0,18,13,3828,3168,0,no mains / natural or DC,0
0,0,0,560,-1.1368144779808955,-0.12909329508346812,-0.2996917630542924,-2.5485714285714285,5.348571428571429,-38.82857142857143,16,12,4049,3122,74,0,18,13,3828,3168,0,no mains / natural or DC,0
0,0,0,570,-0.9371623889889218,-0.13513595995971556,-0.3073213904232917,-1.3828571428571428,4.714285714285714,-33.794285714285714,16,12,4049,3122,74,0,18,13,3828,3168,0,no mains / natural or DC,0
0,0,0,580,-0.9371623889889218,-0.13513595995971556,-0.3073213904232917,-1.3828571428571428,4.714285714285714,-33.794285714285714,16,12,4049,3122,74,0,18,13,3828,3168,0,no mains / natural or DC,0
0,0,0,590,-0.7647938474684897,-0.15802484206671347,-0.2926114688558611,0.24,0.8914285714285715,-27.085714285714285,18,13,2652,4366,81,0,19,16,2626,4178,0,no mains / natural or DC,0
0,0,0,600,-1.0238349559007538,-0.20368053224280527,0.2562944425794244,15.04,-18.451428571428572,-25.462857142857143,18,13,2652,4366,81,0,19,16,2626,4178,0,no mains / natural or DC,0
0,0,0,610,-1.357951597643971,-0.2218085268715476,0.2738120670186468,14.297142857142857,-26.725714285714286,-35.52571428571429,18,13,2652,4366,81,0,19,16,2626,4178,0,no mains / natural or DC,0
0,0,0,620,-1.357951597643971,-0.2218085268715476,0.2738120670186468,14.297142857142857,-26.725714285714286,-35.52571428571429,18,13,2652,4366,81,0,19,16,2626,4178,0,no mains / natural or DC,0
0,0,0,630,-1.3924375133518478,-0.2506179998168889,0.33747367778557696,12.794285714285714,-26.36,-40.36,18,13,2652,4366,81,0,19,16,2626,4178,0,no mains / natural or DC,0
0,0,0,640,-1.3924375133518478,-0.2506179998168889,0.33747367778557696,12.794285714285714,-26.36,-40.36,18,13,2652,4366,81,0,19,16,2626,4178,0,no mains / natural or DC,0
0,0,0,650,-1.3111362041077914,-0.2597735526596881,0.32135990478225046,11.651428571428571,-18.44,-38.70857142857143,18,13,2652,4366,81,0,19,16,2626,4178,0,no mains / natural or DC,0
0,0,0,660,-1.3111362041077914,-0.2597735526596881,0.32135990478225046,11.651428571428571,-18.44,-38.70857142857143,18,13,2652,4366,81,0,19,16,2626,4178,0,no mains / natural or DC,0
0,0,0,670,-1.2613299966429639,-0.2434156315805536,0.33106479079561757,10.388571428571428,-14.508571428571429,-30.994285714285713,18,13,2652,4366,81,0,19,16,2626,4178,0,no mains / natural or DC,0
0,0,0,680,-1.2613299966429639,-0.25244911038544876,0.3294778283028657,8.365714285714287,-8.525714285714285,-19.297142857142855,18,13,2652,4366,81,0,19,16,2626,4178,0,no mains / natural or DC,0
0,0,0,690,-1.1719107638782922,-0.25244911038544876,0.3294778283028657,8.365714285714287,-8.525714285714285,-19.297142857142855,7,5,3845,2867,20,0,6,5,3515,2985,0,no mains / natural or DC,0
0,0,0,700,-1.5167088839381084,-0.007507553331095309,-0.1337931455427717,-18.04,-3.4114285714285715,-27.834285714285713,7,5,3845,2867,20,0,6,5,3515,2985,0,no mains / natural or DC,0
0,0,0,710,-1.4167912839136936,-0.10834070863979003,-0.16687520981475265,-15.04,13.102857142857143,-37.074285714285715,7,5,3845,2867,20,0,6,5,3515,2985,0,no mains / natural or DC,0
0,0,0,720,-1.4167912839136936,-0.10834070863979003,-0.16687520981475265,-15.04,13.102857142857143,-37.074285714285715,7,5,3845,2867,20,0,6,5,3515,2985,0,no mains / natural or DC,0
0,0,0,730,-1.0830408642841884,-0.19006927701651052,-0.22632526627399518,-13.325714285714286,18.05142857142857,-43.65714285714286,7,5,3845,2867,20,0,6,5,3515,2985,0,no mains / natural or DC,0
0,0,0,740,-1.0830408642841884,-0.19006927701651052,-0.22632526627399518,-13.325714285714286,18.05142857142857,-43.65714285714286,7,5,3845,2867,20,0,6,5,3515,2985,0,no mains / natural or DC,0
0,0,0,750,-1.053987243263039,-0.24707785271767327,-0.27002777184362314,-12.434285714285714,11.154285714285715,-41.10857142857143,7,5,3845,2867,20,0,6,5,3515,2985,0,no mains / natural or DC,0
0,0,0,760,-1.053987243263039,-0.24707785271767327,-0.27002777184362314,-12.434285714285714,11.154285714285715,-41.10857142857143,7,5,3845,2867,20,0,6,5,3515,2985,0,no mains / natural or DC,0
0,0,0,770,-1.1200903347880489,-0.28437147129734186,-0.28241828669087804,-12.028571428571428,6.462857142857143,-29.068571428571428,7,5,3845,2867,20,0,6,5,3515,2985,0,no mains / natural or DC,0
0,0,0,780,-1.1200903347880489,-0.28437147129734186,-0.28241828669087804,-12.028571428571428,6.462857142857143,-29.068571428571428,7,5,3845,2867,20,0,6,5,3515,2985,0,no mains / natural or DC,0
0,0,0,790,-1.0453810235908079,-0.3270363475447859,-0.28949858088930935,-11.074285714285715,7.6571428571428575,-17.28,7,5,2672,3976,35,0,8,7,2932,4003,0,no mains / natural or DC,0
0,0,0,800,-1.0365916928617207,-0.004272591326639607,0.1295205542161321,11.234285714285715,-15.262857142857143,-14.542857142857143,7,5,2672,3976,35,0,8,7,2932,4003,0,no mains / natural or DC,0
0,0,0,810,-1.0365916928617207,-0.004272591326639607,0.1295205542161321,11.234285714285715,-15.262857142857143,-14.542857142857143,7,5,2672,3976,35,0,8,7,2932,4003,0,no mains / natural or DC,0
0,0,0,820,-1.249855037079989,-0.12982573931089206,0.26026184881130404,10.594285714285714,-26.04,-25.65142857142857,7,5,2672,3976,35,0,8,7,2932,4003,0,no mains / natural or DC,0
0,0,0,830,-1.249855037079989,-0.12982573931089206,0.26026184881130404,10.594285714285714,-26.04,-25.65142857142857,7,5,2672,3976,35,0,8,7,2932,4003,0,no mains / natural or DC,0
0,0,0,840,-1.2845851008636737,-0.15363017670216986,0.2667317728202155,7.645714285714286,-28.70285714285714,-34.98285714285714,7,5,2672,3976,35,0,8,7,2932,4003,0,no mains / natural or DC,0
0,0,0,850,-1.2845851008636737,-0.15363017670216986,0.2667317728202155,7.645714285714286,-28.70285714285714,-34.98285714285714,7,5,2672,3976,35,0,8,7,2932,4003,0,no mains / natural or DC,0
0,0,0,860,-1.3324381237220375,-0.16504409924619282,0.304330576494644,4.845714285714286,-28.72,-39.49142857142857,7,5,2672,3976,35,0,8,7,2932,4003,0,no mains / natural or DC,0
0,0,0,870,-1.3324381237220375,-0.16504409924619282,0.304330576494644,4.845714285714286,-28.72,-39.49142857142857,7,5,2672,3976,35,0,8,7,2932,4003,0,no mains / natural or DC,0
0,0,0,880,-1.2744529557176427,-0.1682790612506485,0.32654805139316995,2.8914285714285715,-20.96,-35.76,7,5,2672,3976,35,0,8,7,2932,4003,0,no mains / natural or DC,0
0,0,0,890,-1.2744529557176427,-0.1682790612506485,0.32654805139316995,2.8914285714285715,-20.96,-35.76,24,20,3600,3000,146,0,33,28,3570,2992,0,no mains / natural or DC,0
0,0,0,900,-1.0030823694570756,-0.39912106692709126,-0.1805475020599994,17.542857142857144,19.365714285714287,-23.777142857142856,24,20,3600,3000,146,0,33,28,3570,2992,0,no mains / natural or DC,0
0,0,0,910,-1.0030823694570756,-0.39912106692709126,-0.1805475020599994,17.542857142857144,19.365714285714287,-23.777142857142856,24,20,3600,3000,146,0,33,28,3570,2992,0,no mains / natural or DC,0
0,0,0,920,-0.9853205969420453,-0.36677144688253427,-0.20270393993957336,19.662857142857142,10.834285714285715,-7.034285714285715,24,20,3600,3000,146,0,33,28,3570,2992,0,no mains / natural or DC,0
0,0,0,930,-0.9853205969420453,-0.36677144688253427,-0.20270393993957336,19.662857142857142,10.834285714285715,8.382857142857143,24,20,3600,3000,146,0,33,28,3570,2992,0,no mains / natural or DC,0
0,0,0,940,-1.0379345072786645,-0.2674031800286874,-0.21930600909451584,21.502857142857142,3.6742857142857144,8.382857142857143,24,20,3600,3000,146,0,33,28,3570,2992,0,no mains / natural or DC,0
0,0,0,950,-1.0392162846766564,-0.19385357219153415,-0.22144230475783563,24.514285714285716,0.7428571428571429,18.325714285714287,24,20,3600,3000,146,0,33,28,3570,2992,0,no mains / natural or DC,0
0,0,0,960,-1.0392162846766564,-0.19385357219153415,-0.22144230475783563,24.514285714285716,0.7428571428571429,18.325714285714287,24,20,3600,3000,146,0,33,28,3570,2992,0,no mains / natural or DC,0
0,0,0,970,-0.9874568926053652,-0.12781151768547624,-0.21704763939329202,28.02857142857143,0.04,22.805714285714284,24,20,3600,3000,146,0,33,28,3570,2992,0,no mains / natural or DC,0
0,0,0,980,-0.9874568926053652,-0.12781151768547624,-0.21704763939329202,28.02857142857143,0.04,22.805714285714284,24,20,3600,3000,146,0,33,28,3570,2992,0,no mains / natural or DC,0
0,0,0,990,-0.9273354289376506,-0.08948026978362376,-0.20343638416699728,30.822857142857142,-1.32,23.78857142857143,32,30,3892,4089,165,0,33,31,3789,4250,0,no mains / natural or DC,0
0,0,1,0,-1.1974852748191778,0.07953123569444868,0.19861445966978972,69.11428571428571,-17.017142857142858,-7.394285714285714,32,30,3892,4089,165,0,33,31,3789,4250,0,no mains / natural or DC,0
0,0,1,10,-1.1974852748191778,0.07953123569444868,0.19861445966978972,69.11428571428571,-17.017142857142858,-7.394285714285714,32,30,3892,4089,165,0,33,31,3789,4250,0,no mains / natural or DC,0
0,0,1,20,-1.1395611438337352,0.01184118167668691,0.2837611011078219,73.96,-18.474285714285713,-4.982857142857143,32,30,3892,4089,165,0,33,31,3789,4250,0,no mains / natural or DC,0
0,0,1,30,-1.1395611438337352,0.01184118167668691,0.2837611011078219,73.96,-18.474285714285713,-4.982857142857143,32,30,3892,4089,165,0,33,31,3789,4250,0,no mains / natural or DC,0
0,0,1,40,-1.185399945066683,-0.08105716116824854,0.4015625476851711,78.93142857142857,-28.405714285714286,-9.902857142857142,32,30,3892,4089,165,0,33,31,3789,4250,0,no mains / natural or DC,0
0,0,1,50,-1.185399945066683,-0.08105716116824854,0.4015625476851711,78.93142857142857,-28.405714285714286,-9.902857142857142,32,30,3892,4089,165,0,33,31,3789,4250,0,no mains / natural or DC,0
0,0,1,60,-1.1572008423108615,-0.1227454451124607,0.46119571520126956,84.06285714285714,-30.434285714285714,-16.44,32,30,3892,4089,165,0,33,31,3789,4250,0,no mains / natural or DC,0
0,0,1,70,-1.1572008423108615,-0.1227454451124607,0.46119571520126956,89.62857142857143,-25.662857142857142,-21.822857142857142,32,30,3892,4089,165,0,33,31,3789,4250,0,no mains / natural or DC,0
0,0,1,80,-1.0845057527390363,-0.14496292001098665,0.4726706747642445,89.62857142857143,-25.662857142857142,-21.822857142857142,32,30,3892,4089,165,0,33,31,3789,4250,0,no mains / natural or DC,0
0,0,1,90,-1.0933561204870754,-0.15167699209570604,0.49739066743980226,94.90285714285714,-22.857142857142858,-24.84,27,26,3495,4334,76,0,23,23,3541,4198,0,no mains / natural or DC,0
0,0,1,100,-0.9900204474013489,-0.06030457472457045,0.2424390392773217,67.18857142857142,20.46857142857143,2.302857142857143,27,26,3495,4334,76,0,23,23,3541,4198,0,no mains / natural or DC,0
0,0,1,110,-0.9900204474013489,-0.06030457472457045,0.2424390392773217,67.18857142857142,23.394285714285715,5.811428571428571,27,26,3495,4334,76,0,23,23,3541,4198,0,no mains / natural or DC,0
0,0,1,120,-0.9958189642017884,-0.019409772026734214,0.20685445722830897,64.71428571428571,22.18857142857143,5.811428571428571,27,26,3495,4334,76,0,23,23,3541,4198,0,no mains / natural or DC,0
0,0,1,130,-0.9958189642017884,-0.019409772026734214,0.20685445722830897,64.71428571428571,22.18857142857143,5.811428571428571,27,26,3495,4334,76,0,23,23,3541,4198,0,no mains / natural or DC,0
0,0,1,140,-0.988738670003357,0.016052735984374525,0.17047639393292033,63.29142857142857,24.66857142857143,8.8,27,26,3495,4334,76,0,23,23,3541,4198,0,no mains / natural or DC,0
0,0,1,150,-0.988738670003357,0.016052735984374525,0.17047639393292033,63.29142857142857,24.66857142857143,8.8,27,26,3495,4334,76,0,23,23,3541,4198,0,no mains / natural or DC,0
0,0,1,160,-0.9524826807458724,0.03888058107242042,0.14319284646137884,62.817142857142855,26.97714285714286,10.725714285714286,27,26,3495,4334,76,0,23,23,3541,4198,0,no mains / natural or DC,0
0,0,1,170,-0.9524826807458724,0.03888058107242042,0.14319284646137884,62.817142857142855,26.97714285714286,10.725714285714286,27,26,3495,4334,76,0,23,23,3541,4198,0,no mains / natural or DC,0
0,0,1,180,-0.901944029053621,0.04443494979705191,0.12024292733542893,62.58857142857143,28.005714285714287,11.702857142857143,27,26,3495,4334,76,0,23,23,3541,4198,0,no mains / natural or DC,0
0,0,1,190,-0.901944029053621,0.04443494979705191,0.12024292733542893,62.58857142857143,28.005714285714287,11.702857142857143,23,24,4263,4171,88,0,22,23,4387,4035,0,no mains / natural or DC,0
0,0,1,200,-1.063692129276406,0.15363017670216986,-0.0006714072084719382,111.74285714285715,-22.217142857142857,21.65142857142857,23,24,4263,4171,88,0,22,23,4387,4035,0,no mains / natural or DC,0
0,0,1,210,-1.044709616382336,0.1759086886196478,-0.012573625904110843,106.60571428571428,-18.708571428571428,17.714285714285715,23,24,4263,4171,88,0,22,23,4387,4035,0,no mains / natural or DC,0
0,0,1,220,-1.044709616382336,0.1759086886196478,-0.012573625904110843,106.60571428571428,-18.708571428571428,17.714285714285715,23,24,4263,4171,88,0,22,23,4387,4035,0,no mains / natural or DC,0
0,0,1,230,-1.0204168828394422,0.1869563890499588,-0.028321176793725394,101.58857142857143,-15.805714285714286,13.954285714285714,23,24,4263,4171,88,0,22,23,4387,4035,0,no mains / natural or DC,0
0,0,1,240,-1.0204168828394422,0.1869563890499588,-0.028321176793725394,101.58857142857143,-15.805714285714286,13.954285714285714,23,24,4263,4171,88,0,22,23,4387,4035,0,no mains / natural or DC,0
0,0,1,250,-0.9897762993255409,0.19092379528183845,-0.04107791375469222,96.41714285714286,-14.308571428571428,10.634285714285713,23,24,4263,4171,88,0,22,23,4387,4035,0,no mains / natural or DC,0
0,0,1,260,-0.9897762993255409,0.19092379528183845,-0.04107791375469222,96.41714285714286,-14.308571428571428,10.634285714285713,23,24,4263,4171,88,0,22,23,4387,4035,0,no mains / natural or DC,0
0,0,1,270,-0.9410077211828974,0.19428083132419813,-0.056886501663258766,91.04,-14.228571428571428,8.262857142857143,23,24,4263,4171,88,0,22,23,4387,4035,0,no mains / natural or DC,0
0,0,1,280,-0.9410077211828974,0.19428083132419813,-0.056886501663258766,91.04,-14.228571428571428,8.262857142857143,23,24,4263,4171,88,0,22,23,4387,4035,0,no mains / natural or DC,0
0,0,1,290,-0.912076174199652,0.1979430524613178,-0.062318796349986265,85.54857142857144,-15.388571428571428,6.72,9,8,3252,2992,35,0,9,8,3282,2968,0,no mains / natural or DC,0
0,0,1,300,-1.3226111636707663,-0.13666188543351543,0.2163762321848201,11.857142857142858,-0.9942857142857143,2.3485714285714288,9,8,3252,2992,35,0,9,8,3282,2968,0,no mains / natural or DC,0
0,0,1,310,-1.3226111636707663,-0.13666188543351543,0.2163762321848201,11.857142857142858,-0.9942857142857143,2.3485714285714288,9,8,3252,2992,35,0,9,8,3282,2968,0,no mains / natural or DC,0
0,0,1,320,-1.2485122226630452,-0.12970366527298807,0.1861018707846309,9.245714285714286,-0.045714285714285714,3.297142857142857,9,8,3252,2992,35,0,9,8,3282,2968,0,no mains / natural or DC,0
0,0,1,330,-1.2485122226630452,-0.12970366527298807,0.1861018707846309,9.245714285714286,-0.045714285714285714,3.297142857142857,9,8,3252,2992,35,0,9,8,3282,2968,0,no mains / natural or DC,0
0,0,1,340,-1.1244239631336406,-0.11004974517044587,0.14740440076906644,6.817142857142857,3.125714285714286,2.605714285714286,9,8,3252,2992,35,0,9,8,3282,2968,0,no mains / natural or DC,0
0,0,1,350,-1.1244239631336406,-0.11004974517044587,0.14740440076906644,6.817142857142857,3.125714285714286,2.605714285714286,9,8,3252,2992,35,0,9,8,3282,2968,0,no mains / natural or DC,0
0,0,1,360,-0.9004791405987732,-0.07885982848597675,0.08941923276467177,4.88,9.131428571428572,1.8857142857142857,9,8,3252,2992,35,0,9,8,3282,2968,0,no mains / natural or DC,0
0,0,1,370,-0.9004791405987732,-0.07885982848597675,0.08941923276467177,4.88,9.131428571428572,1.8857142857142857,9,8,3252,2992,35,0,9,8,3282,2968,0,no mains / natural or DC,0
0,0,1,380,-0.6893520920438245,-0.03949095126194037,0.03247169408246101,3.525714285714286,12.617142857142857,1.6057142857142856,9,8,3252,2992,35,0,9,8,3282,2968,0,no mains / natural or DC,0
0,0,1,390,-0.6893520920438245,-0.03949095126194037,0.03247169408246101,3.525714285714286,12.617142857142857,1.6057142857142856,11,10,3053,4476,58,0,12,11,3183,4441,0,no mains / natural or DC,0
0,0,1,400,-1.2250129703665273,-0.1400799584948271,-0.35291604358043155,-15.331428571428571,29.434285714285714,-5.085714285714285,11,10,3053,4476,58,0,12,11,3183,4441,0,no mains / natural or DC,0
0,0,1,410,-1.2250129703665273,-0.1400799584948271,-0.35291604358043155,-15.331428571428571,29.434285714285714,-5.085714285714285,11,10,3053,4476,58,0,12,11,3183,4441,0,no mains / natural or DC,0
0,0,1,420,-1.0504470961638233,-0.15033417767876217,-0.35303811761833553,-15.354285714285714,34.29142857142857,-3.434285714285714,11,10,3053,4476,58,0,12,11,3183,4441,0,no mains / natural or DC,0
0,0,1,430,-1.0504470961638233,-0.15033417767876217,-0.35303811761833553,-16.10857142857143,31.925714285714285,-4.491428571428571,11,10,3053,4476,58,0,12,11,3183,4441,0,no mains / natural or DC,0
0,0,1,440,-0.8683736686300241,-0.14526810510574664,-0.358775597399823,-16.10857142857143,31.925714285714285,-4.491428571428571,11,10,3053,4476,58,0,12,11,3183,4441,0,no mains / natural or DC,0
0,0,1,450,-0.7616199224829859,-0.11249122592852565,-0.35077974791711175,-16.98857142857143,23.34285714285714,-6.022857142857143,11,10,3053,4476,58,0,12,11,3183,4441,0,no mains / natural or DC,0
0,0,1,460,-0.7616199224829859,-0.11249122592852565,-0.35077974791711175,-16.98857142857143,23.34285714285714,-6.022857142857143,11,10,3053,4476,58,0,12,11,3183,4441,0,no mains / natural or DC,0
0,0,1,470,-0.6946012756736961,-0.07922605059968871,-0.3195898312326426,-16.834285714285713,12.411428571428571,-7.422857142857143,11,10,3053,4476,58,0,12,11,3183,4441,0,no mains / natural or DC,0
0,0,1,480,-0.6946012756736961,-0.07922605059968871,-0.3195898312326426,-16.834285714285713,12.411428571428571,-7.422857142857143,11,10,3053,4476,58,0,12,11,3183,4441,0,no mains / natural or DC,0
0,0,1,490,-0.6447950682088687,-0.053956724753563036,-0.2959685048982208,-15.17142857142857,2.7714285714285714,-8.8,11,9,4152,4134,36,0,13,9,4258,4231,0,no mains / natural or DC,0
0,0,1,500,-0.7599108859523301,-0.20416882839442121,0.06903286843470564,23.81714285714286,-18.30857142857143,-19.17142857142857,11,9,4152,4134,36,0,13,9,4258,4231,0,no mains / natural or DC,0
0,0,1,510,-1.5371562852870266,-0.22449415570543535,0.21350749229407637,23.70285714285714,-38.754285714285714,-24.582857142857144,11,9,4152,4134,36,0,13,9,4258,4231,0,no mains / natural or DC,0
0,0,1,520,-1.5371562852870266,-0.22449415570543535,0.21350749229407637,23.70285714285714,-38.754285714285714,-24.582857142857144,11,9,4152,4134,36,0,13,9,4258,4231,0,no mains / natural or DC,0
0,0,1,530,-1.4917447431867428,-0.2764976958525346,0.2990203558458205,22.982857142857142,-25.045714285714286,-16.525714285714287,11,9,4152,4134,36,0,13,9,4258,4231,0,no mains / natural or DC,0
0,0,1,540,-1.4917447431867428,-0.2764976958525346,0.2990203558458205,22.982857142857142,-25.045714285714286,-16.525714285714287,11,9,4152,4134,36,0,13,9,4258,4231,0,no mains / natural or DC,0
0,0,1,550,-1.293557542649617,-0.2870571001312296,0.22925504318369092,22.697142857142858,-13.245714285714286,-6.9714285714285715,11,9,4152,4134,36,0,13,9,4258,4231,0,no mains / natural or DC,0
0,0,1,560,-1.3560594500564593,-0.2759483626819666,0.2924893948179571,22.571428571428573,-19.605714285714285,0.52,11,9,4152,4134,36,0,13,9,4258,4231,0,no mains / natural or DC,0
0,0,1,570,-1.3503219702749718,-0.2759483626819666,0.2924893948179571,22.571428571428573,-19.605714285714285,0.52,11,9,4152,4134,36,0,13,9,4258,4231,0,no mains / natural or DC,0
0,0,1,580,-1.2327036347544786,-0.22925504318369092,0.26709799493392744,22.12,-10.674285714285714,10.388571428571428,11,9,4152,4134,36,0,13,9,4258,4231,0,no mains / natural or DC,0
0,0,1,590,-1.2327036347544786,-0.22925504318369092,0.26709799493392744,22.12,-10.674285714285714,10.388571428571428,9,7,3254,3433,43,0,10,8,3338,3297,0,no mains / natural or DC,0
0,0,1,600,-0.858546708578753,-0.017029328287606435,-0.07379375591296121,-13.36,10.102857142857143,-24.765714285714285,9,7,3254,3433,43,0,10,8,3338,3297,0,no mains / natural or DC,0
0,0,1,610,-0.858546708578753,-0.017029328287606435,-0.07379375591296121,-13.36,10.102857142857143,-24.765714285714285,9,7,3254,3433,43,0,10,8,3338,3297,0,no mains / natural or DC,0
0,0,1,620,-0.858546708578753,-0.017029328287606435,-0.07379375591296121,-13.36,10.102857142857143,-24.765714285714285,9,7,3254,3433,43,0,10,8,3338,3297,0,no mains / natural or DC,0
0,0,1,630,-0.97811822870571,-0.06646931363872188,-0.2540971098971526,-11.291428571428572,1.697142857142857,-23.62857142857143,9,7,3254,3433,43,0,10,8,3338,3297,0,no mains / natural or DC,0
0,0,1,640,-0.97811822870571,-0.06646931363872188,-0.2540971098971526,-11.291428571428572,1.697142857142857,-23.62857142857143,9,7,3254,3433,43,0,10,8,3338,3297,0,no mains / natural or DC,0
0,0,1,650,-1.4546952726828821,-0.22052674947355572,-0.15057832575457014,-6.382857142857143,-6.268571428571429,-24.8,9,7,3254,3433,43,0,10,8,3338,3297,0,no mains / natural or DC,0
0,0,1,660,-1.4546952726828821,-0.22052674947355572,-0.15057832575457014,-6.382857142857143,-6.268571428571429,-24.8,9,7,3254,3433,43,0,10,8,3338,3297,0,no mains / natural or DC,0
0,0,1,670,-1.4178289132358775,-0.32319101535081024,-0.1935483870967742,-1.8114285714285714,10.657142857142857,-19.885714285714286,9,7,3254,3433,43,0,10,8,3338,3297,0,no mains / natural or DC,0
0,0,1,680,-1.4178289132358775,-0.32319101535081024,-0.1935483870967742,1.1142857142857143,12.045714285714286,-14.388571428571428,9,7,3254,3433,43,0,10,8,3338,3297,0,no mains / natural or DC,0
0,0,1,690,-1.2452772606585893,-0.3673818170720542,-0.26239814447462384,0.7885714285714286,12.045714285714286,-14.388571428571428,14,9,4560,3016,60,0,15,11,4593,2924,0,no mains / natural or DC,0
0,0,1,700,-1.7114169743949705,0.09973448896755882,-0.0608539078951384,3.7657142857142856,-11.817142857142857,-8.462857142857143,14,9,4560,3016,60,0,15,11,4593,2924,0,no mains / natural or DC,0
0,0,1,710,-1.7114169743949705,0.09973448896755882,-0.0608539078951384,3.7657142857142856,-11.817142857142857,-8.462857142857143,14,9,4560,3016,60,0,15,11,4593,2924,0,no mains / natural or DC,0
0,0,1,720,-1.3081453901791436,0.04474013489181188,0.02661214026306955,3.64,-1.7657142857142858,-5.611428571428571,14,9,4560,3016,60,0,15,11,4593,2924,0,no mains / natural or DC,0
0,0,1,730,-1.3081453901791436,0.04474013489181188,0.02661214026306955,3.64,-1.7657142857142858,-5.611428571428571,14,9,4560,3016,60,0,15,11,4593,2924,0,no mains / natural or DC,0
0,0,1,740,-0.9586474196600238,-0.014770958586382641,-0.005920590838343455,4.828571428571428,7.377142857142857,-4.04,14,9,4560,3016,60,0,15,11,4593,2924,0,no mains / natural or DC,0
0,0,1,750,-0.9586474196600238,-0.014770958586382641,-0.005920590838343455,4.828571428571428,7.377142857142857,-4.04,14,9,4560,3016,60,0,15,11,4593,2924,0,no mains / natural or DC,0
0,0,1,760,-1.0354930265205848,-0.1109042634357738,0.12103640858180487,4.72,-7.434285714285714,-10.154285714285715,14,9,4560,3016,60,0,15,11,4593,2924,0,no mains / natural or DC,0
0,0,1,770,-1.0354930265205848,-0.1109042634357738,0.12103640858180487,4.72,-7.434285714285714,-10.154285714285715,14,9,4560,3016,60,0,15,11,4593,2924,0,no mains / natural or DC,0
0,0,1,780,-1.1841181676686912,-0.1599169896542253,0.1892757957701346,2.617142857142857,-18.02285714285714,-17.10857142857143,14,9,4560,3016,60,0,15,11,4593,2924,0,no mains / natural or DC,0
0,0,1,790,-1.1841181676686912,-0.1599169896542253,0.1892757957701346,2.617142857142857,-18.02285714285714,-17.10857142857143,15,11,2910,4374,62,0,16,11,2896,4294,0,no mains / natural or DC,0
0,0,1,800,-1.076631977294229,0.05627613147373882,-0.02459791863765374,-6.057142857142857,1.72,-3.4114285714285715,15,11,2910,4374,62,0,16,11,2896,4294,0,no mains / natural or DC,0
0,0,1,810,-1.7616504409924618,0.07727286599322489,0.039979247413556324,-4.988571428571428,-4.6,-10.845714285714285,15,11,2910,4374,62,0,16,11,2896,4294,0,no mains / natural or DC,0
0,0,1,820,-1.7616504409924618,0.07727286599322489,0.039979247413556324,-4.988571428571428,-4.6,-10.845714285714285,15,11,2910,4374,62,0,16,11,2896,4294,0,no mains / natural or DC,0
0,0,1,830,-1.076631977294229,-0.0707419049653615,0.11822870571001312,-7.977142857142857,8.697142857142858,-13.01142857142857,15,11,2910,4374,62,0,16,11,2896,4294,0,no mains / natural or DC,0
0,0,1,840,-1.076631977294229,-0.0707419049653615,0.11822870571001312,-7.977142857142857,8.697142857142858,-13.01142857142857,15,11,2910,4374,62,0,16,11,2896,4294,0,no mains / natural or DC,0
0,0,1,850,-0.8398083437604907,-0.10968352305673391,-0.15765861995300148,-9.937142857142858,4.88,-15.331428571428571,15,11,2910,4374,62,0,16,11,2896,4294,0,no mains / natural or DC,0
0,0,1,860,-0.8398083437604907,-0.10968352305673391,-0.15765861995300148,-9.937142857142858,4.88,-15.331428571428571,15,11,2910,4374,62,0,16,11,2896,4294,0,no mains / natural or DC,0
0,0,1,870,-1.3609424115726187,-0.23718985564745018,-0.11468855861079745,-8.731428571428571,-17.297142857142855,-27.13714285714286,15,11,2910,4374,62,0,16,11,2896,4294,0,no mains / natural or DC,0
0,0,1,880,-1.3609424115726187,-0.23718985564745018,-0.11468855861079745,-8.731428571428571,-17.297142857142855,-27.13714285714286,15,11,2910,4374,62,0,16,11,2896,4294,0,no mains / natural or DC,0
0,0,1,890,-1.5844599749748223,-0.32239753410443434,-0.09210486159855953,-4.594285714285714,-3.0,-36.94285714285714,13,9,3006,4382,54,0,14,10,3154,4151,0,no mains / natural or DC,0
0,0,1,900,-0.9151890621662038,0.09955137791070284,-0.152226325266274,12.394285714285715,-10.611428571428572,-18.16,13,9,3006,4382,54,0,14,10,3154,4151,0,no mains / natural or DC,0
0,0,1,910,-0.9151890621662038,0.09955137791070284,-0.152226325266274,12.394285714285715,-10.611428571428572,-18.16,13,9,3006,4382,54,0,14,10,3154,4151,0,no mains / natural or DC,0
0,0,1,920,-1.5558336130863368,0.1599780266731773,-0.1543626209295938,14.537142857142857,-17.245714285714286,-21.125714285714285,13,9,3006,4382,54,0,14,10,3154,4151,0,no mains / natural or DC,0
0,0,1,930,-1.555284279915769,0.1599780266731773,-0.1543626209295938,14.537142857142857,-17.245714285714286,-21.125714285714285,13,9,3006,4382,54,0,14,10,3154,4151,0,no mains / natural or DC,0
0,0,1,940,-1.2847071749015777,-0.019959105197302165,0.047791985839411605,15.817142857142857,-13.177142857142858,-23.36,13,9,3006,4382,54,0,14,10,3154,4151,0,no mains / natural or DC,0
0,0,1,950,-1.2847071749015777,-0.019959105197302165,0.047791985839411605,15.817142857142857,-13.177142857142858,-23.36,13,9,3006,4382,54,0,14,10,3154,4151,0,no mains / natural or DC,0
0,0,1,960,-0.8842432935575426,-0.04394665364543596,0.006164738914151433,17.057142857142857,-1.6857142857142857,-23.285714285714285,13,9,3006,4382,54,0,14,10,3154,4151,0,no mains / natural or DC,0
0,0,1,970,-0.8842432935575426,-0.04394665364543596,0.006164738914151433,17.057142857142857,-1.6857142857142857,-23.285714285714285,13,9,3006,4382,54,0,14,10,3154,4151,0,no mains / natural or DC,0
0,0,1,980,-1.2511978514969329,-0.16229743339335306,0.15973387859736932,18.274285714285714,-19.411428571428573,-30.897142857142857,13,9,3006,4382,54,0,14,10,3154,4151,0,no mains / natural or DC,0
0,0,1,990,-1.2511978514969329,-0.16229743339335306,0.15973387859736932,18.274285714285714,-19.411428571428573,-30.897142857142857,13,10,3265,4177,51,0,13,13,3253,4205,0,no mains / natural or DC,0
0,0,2,0,-0.9966734824671163,0.11273537400433363,0.04406872768333994,1.6342857142857143,1.1142857142857143,-9.691428571428572,13,10,3265,4177,51,0,13,13,3253,4205,0,no mains / natural or DC,0
0,0,2,10,-0.9966734824671163,0.11273537400433363,0.04406872768333994,1.6342857142857143,1.1142857142857143,-9.691428571428572,13,10,3265,4177,51,0,13,13,3253,4205,0,no mains / natural or DC,0
0,0,2,20,-1.0012512588885158,0.11066011535996582,0.04901272621845149,0.06857142857142857,0.6685714285714286,-9.577142857142857,13,10,3265,4177,51,0,13,13,3253,4205,0,no mains / natural or DC,0
0,0,2,30,-1.0012512588885158,0.11066011535996582,0.04901272621845149,-1.3942857142857144,0.96,-8.914285714285715,13,10,3265,4177,51,0,13,13,3253,4205,0,no mains / natural or DC,0
0,0,2,40,-0.9947813348796045,0.11267433698538164,0.04626606036561175,-1.302857142857143,0.96,-8.914285714285715,13,10,3265,4177,51,0,13,13,3253,4205,0,no mains / natural or DC,0
0,0,2,50,-0.9550462355418561,0.10028382213812677,0.042542802209540084,-2.3657142857142857,1.737142857142857,-8.314285714285715,13,10,3265,4177,51,0,13,13,3253,4205,0,no mains / natural or DC,0
0,0,2,60,-0.9550462355418561,0.10028382213812677,0.042542802209540084,-2.3657142857142857,1.737142857142857,-8.314285714285715,13,10,3265,4177,51,0,13,13,3253,4205,0,no mains / natural or DC,0
0,0,2,70,-0.9405804620502335,0.07220679342020936,0.03521835993530076,-3.3085714285714287,2.1085714285714285,-8.902857142857142,13,10,3265,4177,51,0,13,13,3253,4205,0,no mains / natural or DC,0
0,0,2,80,-0.9405804620502335,0.07220679342020936,0.03521835993530076,-3.3085714285714287,2.1085714285714285,-8.902857142857142,13,10,3265,4177,51,0,13,13,3253,4205,0,no mains / natural or DC,0
0,0,2,90,-1.2981353190710165,0.11688589129306924,-0.030274361400189215,-3.525714285714286,0.3942857142857143,-11.834285714285715,9,7,3495,3054,58,0,11,8,3215,3143,0,no mains / natural or DC,0
0,0,2,100,-0.8640400402844325,0.08502456740012818,-0.11645863216040528,5.2,-2.5142857142857142,2.742857142857143,9,7,3495,3054,58,0,11,8,3215,3143,0,no mains / natural or DC,0
0,0,2,110,-0.9001129184850611,0.10046693319498276,-0.130619220557268,5.268571428571429,-3.3657142857142857,-1.697142857142857,9,7,3495,3054,58,0,11,8,3215,3143,0,no mains / natural or DC,0
0,0,2,120,-0.9001129184850611,0.10046693319498276,-0.130619220557268,5.268571428571429,-3.3657142857142857,-1.697142857142857,9,7,3495,3054,58,0,11,8,3215,3143,0,no mains / natural or DC,0
0,0,2,130,-0.9001129184850611,0.10046693319498276,-0.130619220557268,5.268571428571429,-3.3657142857142857,-1.697142857142857,9,7,3495,3054,58,0,11,8,3215,3143,0,no mains / natural or DC,0
0,0,2,140,-0.9300820947904904,0.10272530289620654,-0.13568529313028352,6.005714285714285,-3.777142857142857,-5.177142857142857,9,7,3495,3054,58,0,11,8,3215,3143,0,no mains / natural or DC,0
0,0,2,150,-0.9300820947904904,0.10272530289620654,-0.13568529313028352,6.005714285714285,-3.777142857142857,-5.177142857142857,9,7,3495,3054,58,0,11,8,3215,3143,0,no mains / natural or DC,0
0,0,2,160,-0.9593188268684958,0.11145359660634174,-0.14545121616260262,7.2628571428571425,-4.3028571428571425,-7.6971428571428575,9,7,3495,3054,58,0,11,8,3215,3143,0,no mains / natural or DC,0
0,0,2,170,-0.9593188268684958,0.11145359660634174,-0.14380321665089876,8.8,-5.377142857142857,-9.034285714285714,9,7,3495,3054,58,0,11,8,3215,3143,0,no mains / natural or DC,0
0,0,2,180,-0.9939268166142765,0.11658070619830928,-0.14380321665089876,8.8,-5.377142857142857,-9.034285714285714,9,7,3495,3054,58,0,11,8,3215,3143,0,no mains / natural or DC,0
0,0,2,190,-1.0259712515640735,0.1216467787713248,-0.1434369945371868,10.4,-6.651428571428571,-8.52,14,11,3289,3016,88,0,17,12,3430,3070,0,no mains / natural or DC,0
0,0,2,200,-0.8528092287972655,0.09045686208685567,-0.04736472670674764,24.48,-11.885714285714286,12.84,14,11,3289,3016,88,0,17,12,3430,3070,0,no mains / natural or DC,0
0,0,2,210,-0.8606219672231208,0.09698782311471908,-0.04962309640797143,24.268571428571427,-11.805714285714286,10.32,14,11,3289,3016,88,0,17,12,3430,3070,0,no mains / natural or DC,0
0,0,2,220,-0.8606219672231208,0.09698782311471908,-0.04962309640797143,24.268571428571427,-11.805714285714286,10.32,14,11,3289,3016,88,0,17,12,3430,3070,0,no mains / natural or DC,0
0,0,2,230,-0.8855861079744866,0.10016174810022278,-0.05011139255958739,24.217142857142857,-11.691428571428572,8.422857142857143,14,11,3289,3016,88,0,17,12,3430,3070,0,no mains / natural or DC,0
0,0,2,240,-0.8855861079744866,0.10016174810022278,-0.05011139255958739,24.217142857142857,-11.691428571428572,8.422857142857143,14,11,3289,3016,88,0,17,12,3430,3070,0,no mains / natural or DC,0
0,0,2,250,-0.913602099673452,0.09796441541795099,-0.0488906521805475,24.205714285714286,-11.08,7.051428571428572,14,11,3289,3016,88,0,17,12,3430,3070,0,no mains / natural or DC,0
0,0,2,260,-0.913602099673452,0.09796441541795099,-0.0488906521805475,24.205714285714286,-11.08,7.051428571428572,14,11,3289,3016,88,0,17,12,3430,3070,0,no mains / natural or DC,0
0,0,2,270,-0.9754325998718223,0.1032135990478225,-0.04815820795312357,24.085714285714285,-10.697142857142858,5.617142857142857,14,11,3289,3016,88,0,17,12,3430,3070,0,no mains / natural or DC,0
0,0,2,280,-0.9754325998718223,0.1032135990478225,-0.04815820795312357,24.085714285714285,-10.697142857142858,5.617142857142857,14,11,3289,3016,88,0,17,12,3430,3070,0,no mains / natural or DC,0
0,0,2,290,-0.988982818079165,0.10699789422284615,-0.04260383922849208,23.78857142857143,-10.211428571428572,4.634285714285714,98,77,3285,3198,505,0,104,86,3302,3222,0,no mains / natural or DC,0
0,0,2,300,-0.7459334086123234,-0.019043549913022248,0.07409894100772119,-1.2342857142857142,14.211428571428572,26.05142857142857,98,77,3285,3198,505,0,104,86,3302,3222,0,no mains / natural or DC,0
0,0,2,310,-0.7658925138096255,0.011291848506118961,0.06244087038789026,-4.6,13.708571428571428,23.634285714285713,98,77,3285,3198,505,0,104,86,3302,3222,0,no mains / natural or DC,0
0,0,2,320,-0.7658925138096255,0.011291848506118961,0.06244087038789026,-4.6,13.708571428571428,23.634285714285713,98,77,3285,3198,505,0,104,86,3302,3222,0,no mains / natural or DC,0
0,0,2,330,-0.8207647938474685,0.05316324350718711,0.04174932096316416,-7.662857142857143,12.834285714285715,20.234285714285715,98,77,3285,3198,505,0,104,86,3302,3222,0,no mains / natural or DC,0
0,0,2,340,-0.8207647938474685,0.05316324350718711,0.04174932096316416,-7.662857142857143,12.834285714285715,20.234285714285715,98,77,3285,3198,505,0,104,86,3302,3222,0,no mains / natural or DC,0
0,0,2,350,-0.8792382580034791,0.08740501113925596,0.029602954191717275,-10.188571428571429,12.251428571428571,16.97142857142857,98,77,3285,3198,505,0,104,86,3302,3222,0,no mains / natural or DC,0
0,0,2,360,-0.8792382580034791,0.08740501113925596,0.029602954191717275,-10.188571428571429,12.251428571428571,16.97142857142857,98,77,3285,3198,505,0,104,86,3302,3222,0,no mains / natural or DC,0
0,0,2,370,-0.8951689199499496,0.1011383404034547,0.012756736960966826,-12.325714285714286,12.428571428571429,13.925714285714285,98,77,3285,3198,505,0,104,86,3302,3222,0,no mains / natural or DC,0
0,0,2,380,-0.8951689199499496,0.1011383404034547,0.012756736960966826,-12.325714285714286,12.428571428571429,13.925714285714285,98,77,3285,3198,505,0,104,86,3302,3222,0,no mains / natural or DC,0
0,0,2,390,-0.9281899472029786,0.10242011780144658,0.007202368236335337,-14.222857142857142,11.657142857142857,9.462857142857143,144,129,4264,3312,859,0,149,134,4245,3411,0,no mains / natural or DC,0
0,0,2,400,-0.8568376720480971,-0.3567613757744072,-0.1389202551347392,-46.70285714285714,-13.165714285714285,1.8685714285714285,144,129,4264,3312,859,0,149,134,4245,3411,0,no mains / natural or DC,0
0,0,2,410,-0.8077639088106937,-0.3198950163274026,-0.12195196386608478,-46.70285714285714,-13.165714285714285,1.8685714285714285,144,129,4264,3312,859,0,149,134,4245,3411,0,no mains / natural or DC,0
0,0,2,420,-0.8077639088106937,-0.3198950163274026,-0.12195196386608478,-49.628571428571426,-16.485714285714284,4.137142857142857,144,129,4264,3312,859,0,149,134,4245,3411,0,no mains / natural or DC,0
0,0,2,430,-0.7926877651295511,-0.28528702658162175,-0.10065004425183874,-48.72,-16.485714285714284,4.137142857142857,144,129,4264,3312,859,0,149,134,4245,3411,0,no mains / natural or DC,0
0,0,2,440,-0.7706534012878811,-0.2577593310342723,-0.08221686452833643,-50.6,-17.908571428571427,6.845714285714286,144,129,4264,3312,859,0,149,134,4245,3411,0,no mains / natural or DC,0
0,0,2,450,-0.7706534012878811,-0.2577593310342723,-0.08221686452833643,-50.6,-17.908571428571427,6.845714285714286,144,129,4264,3312,859,0,149,134,4245,3411,0,no mains / natural or DC,0
0,0,2,460,-0.7707144383068331,-0.21991637928403576,-0.06939909054841761,-52.285714285714285,-18.30857142857143,9.428571428571429,144,129,4264,3312,859,0,149,134,4245,3411,0,no mains / natural or DC,0
0,0,2,470,-0.7707144383068331,-0.21991637928403576,-0.06939909054841761,-52.285714285714285,-18.30857142857143,9.428571428571429,144,129,4264,3312,859,0,149,134,4245,3411,0,no mains / natural or DC,0
0,0,2,480,-0.7919553209021272,-0.17346720786156805,-0.06445509201330607,-53.29142857142857,-17.76,11.52,144,129,4264,3312,859,0,149,134,4245,3411,0,no mains / natural or DC,0
0,0,2,490,-0.7919553209021272,-0.17346720786156805,-0.06445509201330607,-53.29142857142857,-17.76,11.52,146,113,3712,3334,872,0,130,103,3647,3172,0,no mains / natural or DC,0
0,0,2,500,-1.0915860469374676,-0.6761680959501938,0.37031159398174995,-15.48,-27.782857142857143,-29.485714285714284,146,113,3712,3334,872,0,130,103,3647,3172,0,no mains / natural or DC,0
0,0,2,510,-1.0915860469374676,-0.6761680959501938,0.37031159398174995,-15.48,-27.782857142857143,-29.485714285714284,146,113,3712,3334,872,0,130,103,3647,3172,0,no mains / natural or DC,0
0,0,2,520,-1.1658070619830927,-0.6346018860438856,0.3938718832972198,-17.97142857142857,-18.994285714285713,-18.33142857142857,146,113,3712,3334,872,0,130,103,3647,3172,0,no mains / natural or DC,0
0,0,2,530,-1.1658070619830927,-0.6346018860438856,0.3938718832972198,-17.97142857142857,-18.994285714285713,-18.33142857142857,146,113,3712,3334,872,0,130,103,3647,3172,0,no mains / natural or DC,0
0,0,2,540,-1.1206396679586168,-0.54292428357799,0.3607898190252388,-18.2,-5.251428571428572,-7.965714285714285,146,113,3712,3334,872,0,130,103,3647,3172,0,no mains / natural or DC,0
0,0,2,550,-1.1206396679586168,-0.54292428357799,0.3659169286172063,-17.354285714285716,1.3485714285714285,-2.56,146,113,3712,3334,872,0,130,103,3647,3172,0,no mains / natural or DC,0
0,0,2,560,-1.1429181798760948,-0.46241645558030947,0.3659169286172063,-17.354285714285716,1.3485714285714285,-2.56,146,113,3712,3334,872,0,130,103,3647,3172,0,no mains / natural or DC,0
0,0,2,570,-1.0433057649464401,-0.36915189062166204,0.3393658253730888,-16.65714285714286,6.8,1.5485714285714285,146,113,3712,3334,872,0,130,103,3647,3172,0,no mains / natural or DC,0
0,0,2,580,-1.0433057649464401,-0.36915189062166204,0.3393658253730888,-16.65714285714286,6.8,1.5485714285714285,146,113,3712,3334,872,0,130,103,3647,3172,0,no mains / natural or DC,0
0,0,2,590,-1.0188909573656422,-0.2723471785637989,0.29151280251472517,-15.582857142857144,8.06857142857143,3.565714285714286,113,93,3526,3297,836,0,112,92,3404,3241,0,no mains / natural or DC,0
0,0,2,600,-0.9401532029175695,-0.10834070863979003,0.05096591082491531,-10.302857142857142,15.074285714285715,8.2,113,93,3526,3297,836,0,112,92,3404,3241,0,no mains / natural or DC,0
0,0,2,610,-1.4941251869258705,-0.02771080660420545,-0.0391247291482284,-6.777142857142858,10.634285714285713,6.171428571428572,113,93,3526,3297,836,0,112,92,3404,3241,0,no mains / natural or DC,0
0,0,2,620,-1.4941251869258705,-0.02771080660420545,-0.0391247291482284,-6.777142857142858,10.634285714285713,6.171428571428572,113,93,3526,3297,836,0,112,92,3404,3241,0,no mains / natural or DC,0
0,0,2,630,-1.4941251869258705,-0.02771080660420545,-0.0391247291482284,-6.777142857142858,10.634285714285713,6.171428571428572,113,93,3526,3297,836,0,112,92,3404,3241,0,no mains / natural or DC,0
0,0,2,640,-1.34751426740318,-0.2402417065950499,0.21222571489608447,-5.045714285714285,12.514285714285714,-1.2685714285714285,113,93,3526,3297,836,0,112,92,3404,3241,0,no mains / natural or DC,0
0,0,2,650,-1.34751426740318,-0.2402417065950499,0.21222571489608447,-5.045714285714285,12.514285714285714,-1.2685714285714285,113,93,3526,3297,836,0,112,92,3404,3241,0,no mains / natural or DC,0
0,0,2,660,-0.7021088290047914,-0.18066957609790338,-0.07733390301217688,-5.2628571428571425,33.16571428571429,0.5485714285714286,113,93,3526,3297,836,0,112,92,3404,3241,0,no mains / natural or DC,0
0,0,2,670,-0.7021088290047914,-0.18066957609790338,-0.07733390301217688,-5.2628571428571425,33.16571428571429,-5.64,113,93,3526,3297,836,0,112,92,3404,3241,0,no mains / natural or DC,0
0,0,2,680,-0.9287392803735466,-0.2252265999328593,-0.13306070131534775,-3.2342857142857144,10.245714285714286,-5.64,113,93,3526,3297,836,0,112,92,3404,3241,0,no mains / natural or DC,0
0,0,2,690,-1.2880642109439375,-0.3407696768089846,-0.03314310129093295,0.5314285714285715,3.777142857142857,-11.714285714285714,143,112,3214,2112,1050,0,302,193,3599,2323,0,no mains / natural or DC,0
0,0,2,700,-0.9264198736533708,-0.07849360637226478,0.36011841181676685,81.36571428571429,21.52,-5.462857142857143,143,112,3214,2112,1050,0,302,193,3599,2323,0,no mains / natural or DC,0
0,0,2,710,-0.9264198736533708,-0.07849360637226478,0.36011841181676685,81.36571428571429,21.52,-5.462857142857143,143,112,3214,2112,1050,0,302,193,3599,2323,0,no mains / natural or DC,0
0,0,2,720,-0.9264198736533708,-0.07849360637226478,0.36011841181676685,81.36571428571429,21.52,-5.462857142857143,143,112,3214,2112,1050,0,302,193,3599,2323,0,no mains / natural or DC,0
0,0,2,730,-0.967314676351207,-0.05536057618945891,0.32856227301858576,76.10285714285715,24.085714285714285,-4.954285714285715,143,112,3214,2112,1050,0,302,193,3599,2323,0,no mains / natural or DC,0
0,0,2,740,-0.967314676351207,-0.05536057618945891,0.32856227301858576,76.10285714285715,24.085714285714285,-4.954285714285715,143,112,3214,2112,1050,0,302,193,3599,2323,0,no mains / natural or DC,0
0,0,2,750,-1.0016785180211798,-0.04229865413373211,0.315683462019715,71.62285714285714,27.50857142857143,-5.102857142857143,143,112,3214,2112,1050,0,302,193,3599,2323,0,no mains / natural or DC,0
0,0,2,760,-1.0016785180211798,-0.04229865413373211,0.315683462019715,71.62285714285714,27.50857142857143,-5.102857142857143,143,112,3214,2112,1050,0,302,193,3599,2323,0,no mains / natural or DC,0
0,0,2,770,-0.9825128940702537,-0.04663228247932371,0.2910855433820612,67.66857142857143,30.485714285714284,-6.2457142857142856,143,112,3214,2112,1050,0,302,193,3599,2323,0,no mains / natural or DC,0
0,0,2,780,-0.9825128940702537,-0.04663228247932371,0.2910855433820612,63.822857142857146,29.86285714285714,-8.725714285714286,143,112,3214,2112,1050,0,302,193,3599,2323,0,no mains / natural or DC,0
0,0,2,790,-0.9883724478896451,-0.04956205938901944,0.26166570024719993,63.822857142857146,29.86285714285714,-8.725714285714286,1568,4883,5774,6295,5206,0,926,1145,5099,4762,0,no mains / natural or DC,0
0,0,2,800,-0.739036225470748,-0.19617297891170996,-0.15234839930417798,20.56,-10.245714285714286,6.645714285714286,1568,4883,5774,6295,5206,0,926,1145,5099,4762,0,no mains / natural or DC,0
0,0,2,810,-0.739036225470748,-0.19617297891170996,-0.15234839930417798,20.56,-10.245714285714286,6.645714285714286,1568,4883,5774,6295,5206,0,926,1145,5099,4762,0,no mains / natural or DC,0
0,0,2,820,-0.7343974120303964,-0.14947965941343425,-0.1369670705282754,20.68,-8.017142857142858,11.822857142857142,1568,4883,5774,6295,5206,0,926,1145,5099,4762,0,no mains / natural or DC,0
0,0,2,830,-0.7343974120303964,-0.14947965941343425,-0.1369670705282754,20.68,-8.017142857142858,11.822857142857142,1568,4883,5774,6295,5206,0,926,1145,5099,4762,0,no mains / natural or DC,0
0,0,2,840,-0.7370830408642842,-0.12213507492294076,-0.13202307199316385,20.96,-5.508571428571429,14.817142857142857,1568,4883,5774,6295,5206,0,926,1145,5099,4762,0,no mains / natural or DC,0
0,0,2,850,-0.7370830408642842,-0.12213507492294076,-0.13202307199316385,20.96,-5.508571428571429,14.817142857142857,1568,4883,5774,6295,5206,0,926,1145,5099,4762,0,no mains / natural or DC,0
0,0,2,860,-0.7740714743491928,-0.11670278023621326,-0.130558183538316,21.13142857142857,-3.3657142857142857,15.314285714285715,1568,4883,5774,6295,5206,0,926,1145,5099,4762,0,no mains / natural or DC,0
0,0,2,870,-0.7740714743491928,-0.11670278023621326,-0.130558183538316,21.13142857142857,-3.3657142857142857,15.314285714285715,1568,4883,5774,6295,5206,0,926,1145,5099,4762,0,no mains / natural or DC,0
0,0,2,880,-0.7968382824182867,-0.14410840174565875,-0.13068025757621998,20.897142857142857,-1.7942857142857143,13.668571428571429,1568,4883,5774,6295,5206,0,926,1145,5099,4762,0,no mains / natural or DC,0
0,0,2,890,-0.7968382824182867,-0.14410840174565875,-0.13068025757621998,20.897142857142857,-1.7942857142857143,13.668571428571429,99,102,3342,3464,312,0,93,88,3371,3373,0,no mains / natural or DC,0
0,0,2,900,-0.9875789666432692,-0.3470564897610401,0.3499862666707358,26.685714285714287,0.7314285714285714,15.377142857142857,99,102,3342,3464,312,0,93,88,3371,3373,0,no mains / natural or DC,0
0,0,2,910,-0.9875789666432692,-0.3470564897610401,0.3499862666707358,26.685714285714287,0.7314285714285714,15.377142857142857,99,102,3342,3464,312,0,93,88,3371,3373,0,no mains / natural or DC,0
0,0,2,920,-0.9394817957090975,-0.2689291055024873,0.3051850947599719,26.834285714285713,0.4057142857142857,19.88,99,102,3342,3464,312,0,93,88,3371,3373,0,no mains / natural or DC,0
0,0,2,930,-0.9394817957090975,-0.2689291055024873,0.3051850947599719,26.834285714285713,0.4057142857142857,19.88,99,102,3342,3464,312,0,93,88,3371,3373,0,no mains / natural or DC,0
0,0,2,940,-0.8933988464003418,-0.21228675191503646,0.2697836237678152,27.474285714285713,2.28,20.914285714285715,99,102,3342,3464,312,0,93,88,3371,3373,0,no mains / natural or DC,0
0,0,2,950,-0.8933988464003418,-0.21228675191503646,0.2697836237678152,27.474285714285713,2.28,20.914285714285715,99,102,3342,3464,312,0,93,88,3371,3373,0,no mains / natural or DC,0
0,0,2,960,-0.8294930875576036,-0.17206335642567216,0.23438215277565844,28.222857142857144,6.097142857142857,19.565714285714286,99,102,3342,3464,312,0,93,88,3371,3373,0,no mains / natural or DC,0
0,0,2,970,-0.8294930875576036,-0.17206335642567216,0.23438215277565844,28.222857142857144,6.097142857142857,19.565714285714286,99,102,3342,3464,312,0,93,88,3371,3373,0,no mains / natural or DC,0
0,0,2,980,-0.7870723593859675,-0.14069032868434705,0.2021546067690054,28.685714285714287,9.862857142857143,17.062857142857144,99,102,3342,3464,312,0,93,88,3371,3373,0,no mains / natural or DC,0
0,0,2,990,-0.7870723593859675,-0.14069032868434705,0.2021546067690054,28.685714285714287,9.862857142857143,17.062857142857144,49,41,3405,3522,183,0,48,40,3252,3434,0,no mains / natural or DC,0
0,0,3,0,-0.93404950102237,-0.23999755851924193,-0.05041657765434736,-2.1714285714285713,25.417142857142856,-8.32,49,41,3405,3522,183,0,48,40,3252,3434,0,no mains / natural or DC,0
0,0,3,10,-0.7562486648152105,-0.35804315317239904,-0.23871578112125003,-1.92,12.314285714285715,-11.742857142857142,49,41,3405,3522,183,0,48,40,3252,3434,0,no mains / natural or DC,0
0,0,3,20,-0.7562486648152105,-0.35804315317239904,-0.23871578112125003,-1.92,12.314285714285715,-11.742857142857142,49,41,3405,3522,183,0,48,40,3252,3434,0,no mains / natural or DC,0
0,0,3,30,-0.9871517075106052,-0.4935453352458266,-0.12976470229194007,-0.10857142857142857,-10.93142857142857,-18.66857142857143,49,41,3405,3522,183,0,48,40,3252,3434,0,no mains / natural or DC,0
0,0,3,40,-0.9871517075106052,-0.4935453352458266,-0.12976470229194007,-0.10857142857142857,-10.93142857142857,-18.66857142857143,49,41,3405,3522,183,0,48,40,3252,3434,0,no mains / natural or DC,0
0,0,3,50,-0.9535203100680563,-0.5063020722067935,-0.21576586199530015,4.6971428571428575,3.097142857142857,-16.474285714285713,49,41,3405,3522,183,0,48,40,3252,3434,0,no mains / natural or DC,0
0,0,3,60,-0.9535203100680563,-0.5063020722067935,-0.21576586199530015,4.6971428571428575,3.097142857142857,-16.474285714285713,49,41,3405,3522,183,0,48,40,3252,3434,0,no mains / natural or DC,0
0,0,3,70,-0.9527268288216804,-0.4987945188756981,-0.24408703878902555,11.348571428571429,8.354285714285714,-11.371428571428572,49,41,3405,3522,183,0,48,40,3252,3434,0,no mains / natural or DC,0
0,0,3,80,-0.9527268288216804,-0.4987945188756981,-0.24408703878902555,11.348571428571429,8.354285714285714,-11.371428571428572,49,41,3405,3522,183,0,48,40,3252,3434,0,no mains / natural or DC,0
0,0,3,90,-1.02218695638905,-0.5241248817407758,-0.19202246162297434,17.88,8.451428571428572,-2.6742857142857144,55,52,4171,3439,260,0,58,58,4037,3312,0,no mains / natural or DC,0
0,0,3,100,-0.9961241492965484,0.05639820551164281,-0.10565507980590227,37.17142857142857,-17.085714285714285,-0.2,55,52,4171,3439,260,0,58,58,4037,3312,0,no mains / natural or DC,0
0,0,3,110,-0.9961241492965484,0.05639820551164281,-0.10565507980590227,37.17142857142857,-17.085714285714285,-0.2,55,52,4171,3439,260,0,58,58,4037,3312,0,no mains / natural or DC,0
0,0,3,120,-0.9961241492965484,0.05639820551164281,-0.10565507980590227,37.17142857142857,-17.085714285714285,-0.2,55,52,4171,3439,260,0,58,58,4037,3312,0,no mains / natural or DC,0
0,0,3,130,-0.9803155613879818,0.048768578142643515,-0.08929715872676779,36.857142857142854,-16.931428571428572,-0.4514285714285714,55,52,4171,3439,260,0,58,58,4037,3312,0,no mains / natural or DC,0
0,0,3,140,-0.9803155613879818,0.048768578142643515,-0.08929715872676779,36.10285714285714,-16.777142857142856,-0.7714285714285715,55,52,4171,3439,260,0,58,58,4037,3312,0,no mains / natural or DC,0
0,0,3,150,-0.9554124576555681,0.04382457960753197,-0.06854457228308969,36.10285714285714,-16.777142857142856,-0.7714285714285715,55,52,4171,3439,260,0,58,58,4037,3312,0,no mains / natural or DC,0
0,0,3,160,-0.9148228400524918,0.03595080416272469,-0.042664876247444077,34.64,-16.78857142857143,-0.7142857142857143,55,52,4171,3439,260,0,58,58,4037,3312,0,no mains / natural or DC,0
0,0,3,170,-0.9148228400524918,0.03595080416272469,-0.042664876247444077,34.64,-16.78857142857143,-0.7142857142857143,55,52,4171,3439,260,0,58,58,4037,3312,0,no mains / natural or DC,0
0,0,3,180,-1.163731803338725,0.08551286355174413,-0.07568590350047304,33.26857142857143,-18.86857142857143,-1.217142857142857,55,52,4171,3439,260,0,58,58,4037,3312,0,no mains / natural or DC,0
0,0,3,190,-1.163731803338725,0.08551286355174413,-0.07568590350047304,33.26857142857143,-18.86857142857143,-1.217142857142857,70,70,3524,3273,250,0,71,72,3249,3328,0,no mains / natural or DC,0
0,0,3,200,-0.9398480178228096,-0.05633716849269082,0.17212439344462416,-0.7028571428571428,-0.14285714285714285,-6.097142857142857,70,70,3524,3273,250,0,71,72,3249,3328,0,no mains / natural or DC,0
0,0,3,210,-0.9391155735953856,-0.04705954161198767,0.173894466994232,-0.7028571428571428,-0.14285714285714285,-6.097142857142857,70,70,3524,3273,250,0,71,72,3249,3328,0,no mains / natural or DC,0
0,0,3,220,-0.9391155735953856,-0.04705954161198767,0.173894466994232,-0.7028571428571428,-0.14285714285714285,-6.097142857142857,70,70,3524,3273,250,0,71,72,3249,3328,0,no mains / natural or DC,0
0,0,3,230,-0.9372234260078738,-0.03460798974578082,0.1771294289986877,-2.862857142857143,-0.88,-8.508571428571429,70,70,3524,3273,250,0,71,72,3249,3328,0,no mains / natural or DC,0
0,0,3,240,-0.9372234260078738,-0.03460798974578082,0.1771294289986877,-2.862857142857143,-0.88,-8.508571428571429,70,70,3524,3273,250,0,71,72,3249,3328,0,no mains / natural or DC,0
0,0,3,250,-0.9480880153813288,-0.022156437879573963,0.1773735770744957,-4.782857142857143,-1.022857142857143,-10.074285714285715,70,70,3524,3273,250,0,71,72,3249,3328,0,no mains / natural or DC,0
0,0,3,260,-0.9480880153813288,-0.022156437879573963,0.1773735770744957,-4.782857142857143,-1.022857142857143,-10.074285714285715,70,70,3524,3273,250,0,71,72,3249,3328,0,no mains / natural or DC,0
0,0,3,270,-0.9448530533768731,-0.012207403790398877,0.17749565111239968,-6.548571428571429,-0.37142857142857144,-10.857142857142858,70,70,3524,3273,250,0,71,72,3249,3328,0,no mains / natural or DC,0
0,0,3,280,-0.9448530533768731,-0.012207403790398877,0.17749565111239968,-6.548571428571429,-0.37142857142857144,-10.857142857142858,70,70,3524,3273,250,0,71,72,3249,3328,0,no mains / natural or DC,0
0,0,3,290,-0.9435102389599292,-0.007568590350047304,0.17084261604663228,-8.434285714285714,0.5771428571428572,-10.88,49,43,4323,4278,153,0,50,45,4269,4309,0,no mains / natural or DC,0
0,0,3,300,-0.8229621265297403,-0.36976226081118196,-0.1261024811548204,-0.5942857142857143,11.52,-3.0628571428571427,49,43,4323,4278,153,0,50,45,4269,4309,0,no mains / natural or DC,0
0,0,3,310,-0.8229621265297403,-0.36976226081118196,-0.1261024811548204,-0.5942857142857143,11.52,-3.0628571428571427,49,43,4323,4278,153,0,50,45,4269,4309,0,no mains / natural or DC,0
0,0,3,320,-0.84774315622425,-0.3491317484054079,-0.1315347758415479,-0.2342857142857143,10.708571428571428,-3.297142857142857,49,43,4323,4278,153,0,50,45,4269,4309,0,no mains / natural or DC,0
0,0,3,330,-0.84774315622425,-0.3491317484054079,-0.1315347758415479,1.2285714285714286,11.377142857142857,-2.4628571428571426,49,43,4323,4278,153,0,50,45,4269,4309,0,no mains / natural or DC,0
0,0,3,340,-0.8386486404004029,-0.3444318979461043,-0.1435590685750908,0.7257142857142858,11.377142857142857,-2.4628571428571426,49,43,4323,4278,153,0,50,45,4269,4309,0,no mains / natural or DC,0
0,0,3,350,-0.8387707144383069,-0.35602893154698323,-0.15173802911465803,1.937142857142857,11.165714285714285,-2.337142857142857,49,43,4323,4278,153,0,50,45,4269,4309,0,no mains / natural or DC,0
0,0,3,360,-0.8387707144383069,-0.35602893154698323,-0.15173802911465803,1.937142857142857,11.165714285714285,-2.337142857142857,49,43,4323,4278,153,0,50,45,4269,4309,0,no mains / natural or DC,0
0,0,3,370,-0.858607745597705,-0.35944700460829493,-0.1683400982696005,3.474285714285714,10.85142857142857,-3.1485714285714286,49,43,4323,4278,153,0,50,45,4269,4309,0,no mains / natural or DC,0
0,0,3,380,-0.858607745597705,-0.35944700460829493,-0.1683400982696005,3.474285714285714,10.85142857142857,-3.1485714285714286,49,43,4323,4278,153,0,50,45,4269,4309,0,no mains / natural or DC,0
0,0,3,390,-0.8888210699789423,-0.3639027069917905,-0.18634601886043886,5.685714285714286,10.508571428571429,-4.594285714285714,41,37,3253,4155,130,0,41,37,3381,4278,0,no mains / natural or DC,0
0,0,3,400,-0.9979552598651081,-0.18640705587939085,0.04083376567888424,-2.137142857142857,-8.662857142857144,3.6,41,37,3253,4155,130,0,41,37,3381,4278,0,no mains / natural or DC,0
0,0,3,410,-1.000335703604236,-0.1882381664479507,0.027344584490493484,-0.1657142857142857,-4.474285714285714,1.782857142857143,41,37,3253,4155,130,0,41,37,3381,4278,0,no mains / natural or DC,0
0,0,3,420,-1.000335703604236,-0.1882381664479507,0.027344584490493484,-0.1657142857142857,-4.474285714285714,1.782857142857143,41,37,3253,4155,130,0,41,37,3381,4278,0,no mains / natural or DC,0
0,0,3,430,-1.000335703604236,-0.1882381664479507,0.027344584490493484,-0.1657142857142857,-4.474285714285714,1.782857142857143,41,37,3253,4155,130,0,41,37,3381,4278,0,no mains / natural or DC,0
0,0,3,440,-0.9961241492965484,-0.19183935056611834,0.004272591326639607,2.5028571428571427,-0.10857142857142857,-0.14285714285714285,41,37,3253,4155,130,0,41,37,3381,4278,0,no mains / natural or DC,0
0,0,3,450,-0.9961241492965484,-0.19183935056611834,0.004272591326639607,2.5028571428571427,-0.10857142857142857,-0.14285714285714285,41,37,3253,4155,130,0,41,37,3381,4278,0,no mains / natural or DC,0
0,0,3,460,-0.9768974883266701,-0.20508438367870113,-0.020264290292062136,5.571428571428571,4.062857142857143,-2.16,41,37,3253,4155,130,0,41,37,3381,4278,0,no mains / natural or DC,0
0,0,3,470,-0.9768974883266701,-0.20508438367870113,-0.04577776421399579,8.634285714285713,7.445714285714286,-4.08,41,37,3253,4155,130,0,41,37,3381,4278,0,no mains / natural or DC,0
0,0,3,480,-0.945158238471633,-0.22266304513687551,-0.04577776421399579,8.634285714285713,7.445714285714286,-4.08,41,37,3253,4155,130,0,41,37,3381,4278,0,no mains / natural or DC,0
0,0,3,490,-0.9168980986968597,-0.2508011108737449,-0.06433301797540208,11.045714285714286,9.165714285714285,-5.377142857142857,37,32,3311,4183,116,0,37,33,3235,4248,0,no mains / natural or DC,0
0,0,3,500,-0.9432050538651692,-0.19006927701651052,-0.06817835016937773,9.691428571428572,-3.4057142857142857,-7.085714285714285,37,32,3311,4183,116,0,37,33,3235,4248,0,no mains / natural or DC,0
0,0,3,510,-0.9391155735953856,-0.20581682790612507,-0.07324442274239326,9.691428571428572,-3.4057142857142857,-7.085714285714285,37,32,3311,4183,116,0,37,33,3235,4248,0,no mains / natural or DC,0
0,0,3,520,-0.9391155735953856,-0.20581682790612507,-0.07324442274239326,9.691428571428572,-3.4057142857142857,-7.085714285714285,37,32,3311,4183,116,0,37,33,3235,4248,0,no mains / natural or DC,0
0,0,3,530,-0.9430219428083132,-0.22339548936429945,-0.07367168187505722,10.468571428571428,-3.2742857142857145,-7.897142857142857,37,32,3311,4183,116,0,37,33,3235,4248,0,no mains / natural or DC,0
0,0,3,540,-0.9430219428083132,-0.22339548936429945,-0.07367168187505722,10.468571428571428,-3.2742857142857145,-7.897142857142857,37,32,3311,4183,116,0,37,33,3235,4248,0,no mains / natural or DC,0
0,0,3,550,-0.9350260933256019,-0.25482955412457653,-0.06506546220282601,10.6,-3.3714285714285714,-8.005714285714285,37,32,3311,4183,116,0,37,33,3235,4248,0,no mains / natural or DC,0
0,0,3,560,-0.9350260933256019,-0.25482955412457653,-0.06506546220282601,10.6,-3.3714285714285714,-8.005714285714285,37,32,3311,4183,116,0,37,33,3235,4248,0,no mains / natural or DC,0
0,0,3,570,-0.9530320139164403,-0.24750511185033722,-0.06543168431653798,10.451428571428572,-3.0171428571428573,-6.571428571428571,37,32,3311,4183,116,0,37,33,3235,4248,0,no mains / natural or DC,0
0,0,3,580,-0.9530320139164403,-0.24750511185033722,-0.06543168431653798,10.451428571428572,-3.0171428571428573,-6.525714285714286,37,32,3311,4183,116,0,37,33,3235,4248,0,no mains / natural or DC,0
0,0,3,590,-0.9559007538071841,-0.31342509231849114,-0.038758507034516436,8.417142857142856,-2.394285714285714,-6.525714285714286,37,31,2414,3216,119,0,37,31,2274,3302,0,no mains / natural or DC,0
0,0,3,600,-1.0234687337870418,-0.18720053712576679,-0.02380443739127781,3.4057142857142857,-10.617142857142857,-2.954285714285714,37,31,2414,3216,119,0,37,31,2274,3302,0,no mains / natural or DC,0
0,0,3,610,-1.0234687337870418,-0.18720053712576679,-0.02380443739127781,3.4057142857142857,-10.617142857142857,-2.954285714285714,37,31,2414,3216,119,0,37,31,2274,3302,0,no mains / natural or DC,0
0,0,3,620,-0.9701834162419507,-0.19983520004882963,-0.06341746269112217,5.902857142857143,-3.2457142857142856,1.0514285714285714,37,31,2414,3216,119,0,37,31,2274,3302,0,no mains / natural or DC,0
0,0,3,630,-0.9701834162419507,-0.19983520004882963,-0.06341746269112217,5.902857142857143,-3.2457142857142856,1.0514285714285714,37,31,2414,3216,119,0,37,31,2274,3302,0,no mains / natural or DC,0
0,0,3,640,-0.9228797265541551,-0.22992645039216283,-0.1000396740623188,5.828571428571428,-2.0171428571428573,-2.4457142857142857,37,31,2414,3216,119,0,37,31,2274,3302,0,no mains / natural or DC,0
0,0,3,650,-0.9228797265541551,-0.22992645039216283,-0.1000396740623188,5.828571428571428,-2.0171428571428573,-2.4457142857142857,37,31,2414,3216,119,0,37,31,2274,3302,0,no mains / natural or DC,0
0,0,3,660,-0.9390545365764336,-0.2424390392773217,-0.03424176763206885,5.365714285714286,-5.708571428571428,-1.5257142857142858,37,31,2414,3216,119,0,37,31,2274,3302,0,no mains / natural or DC,0
0,0,3,670,-0.9390545365764336,-0.2424390392773217,-0.03424176763206885,5.365714285714286,-5.708571428571428,-1.5257142857142858,37,31,2414,3216,119,0,37,31,2274,3302,0,no mains / natural or DC,0
0,0,3,680,-0.924710837122715,-0.20343638416699728,-0.05670339060640278,4.508571428571429,-2.2285714285714286,-1.2057142857142857,37,31,2414,3216,119,0,37,31,2274,3302,0,no mains / natural or DC,0
0,0,3,690,-0.924710837122715,-0.20343638416699728,-0.05670339060640278,4.508571428571429,-2.2285714285714286,-1.2057142857142857,30,25,4292,3033,104,0,32,29,4438,3026,0,no mains / natural or DC,0
0,0,3,700,-0.9608447523422956,-0.16486098818933684,-0.040955839716788234,-1.1828571428571428,-0.9257142857142857,-1.56,30,25,4292,3033,104,0,32,29,4438,3026,0,no mains / natural or DC,0
0,0,3,710,-0.9354533524582659,-0.163029877620777,-0.07660145878475295,-1.8914285714285715,-1.84,-1.7085714285714286,30,25,4292,3033,104,0,32,29,4438,3026,0,no mains / natural or DC,0
0,0,3,720,-0.9354533524582659,-0.163029877620777,-0.07660145878475295,-1.8914285714285715,-1.84,-1.7085714285714286,30,25,4292,3033,104,0,32,29,4438,3026,0,no mains / natural or DC,0
0,0,3,730,-0.9573046052430799,-0.16028321176793725,-0.03137302774132511,-3.24,-5.3428571428571425,-2.3085714285714287,30,25,4292,3033,104,0,32,29,4438,3026,0,no mains / natural or DC,0
0,0,3,740,-0.9573046052430799,-0.16028321176793725,-0.03137302774132511,-3.24,-5.3428571428571425,-2.3085714285714287,30,25,4292,3033,104,0,32,29,4438,3026,0,no mains / natural or DC,0
0,0,3,750,-0.9720145268105106,-0.1696829126865444,-0.010254219183935057,-2.137142857142857,-7.017142857142857,-1.4685714285714286,30,25,4292,3033,104,0,32,29,4438,3026,0,no mains / natural or DC,0
0,0,3,760,-0.9720145268105106,-0.1696829126865444,-0.010254219183935057,-2.137142857142857,-7.017142857142857,-1.4685714285714286,30,25,4292,3033,104,0,32,29,4438,3026,0,no mains / natural or DC,0
0,0,3,770,-0.966765343180639,-0.16321298867763298,-0.022217474898525956,-1.6228571428571428,-4.7542857142857144,-1.937142857142857,30,25,4292,3033,104,0,32,29,4438,3026,0,no mains / natural or DC,0
0,0,3,780,-0.966765343180639,-0.16321298867763298,-0.022217474898525956,-1.6228571428571428,-4.7542857142857144,-1.937142857142857,30,25,4292,3033,104,0,32,29,4438,3026,0,no mains / natural or DC,0
0,0,3,790,-0.968047120578631,-0.1574144718771935,-0.026795251319925537,0.34285714285714286,-2.5942857142857143,-1.7771428571428571,32,28,3153,4286,107,0,34,30,3272,4339,0,no mains / natural or DC,0
0,0,3,800,-0.9905697805719169,-0.12213507492294076,0.008178960539567248,5.314285714285714,6.948571428571428,6.137142857142857,32,28,3153,4286,107,0,34,30,3272,4339,0,no mains / natural or DC,0
0,0,3,810,-0.9751884517960143,-0.10156559953611866,-0.009643848994415113,5.314285714285714,6.948571428571428,6.137142857142857,32,28,3153,4286,107,0,34,30,3272,4339,0,no mains / natural or DC,0
0,0,3,820,-0.9751884517960143,-0.10156559953611866,-0.004760887478255562,4.1085714285714285,4.885714285714286,4.114285714285714,32,28,3153,4286,107,0,34,30,3272,4339,0,no mains / natural or DC,0
0,0,3,830,-0.9660328989532151,-0.0967436750389111,-0.004760887478255562,4.1085714285714285,4.885714285714286,4.114285714285714,32,28,3153,4286,107,0,34,30,3272,4339,0,no mains / natural or DC,0
0,0,3,840,-0.9710989715262307,-0.10614337595751823,-0.00793481246375927,3.2057142857142855,0.6057142857142858,3.0742857142857143,32,28,3153,4286,107,0,34,30,3272,4339,0,no mains / natural or DC,0
0,0,3,850,-0.9710989715262307,-0.10614337595751823,-0.00793481246375927,3.2057142857142855,0.6057142857142858,3.0742857142857143,32,28,3153,4286,107,0,34,30,3272,4339,0,no mains / natural or DC,0
0,0,3,860,-0.966460158085879,-0.11047700430310983,0.003784295175023652,1.2571428571428571,1.72,0.9314285714285714,32,28,3153,4286,107,0,34,30,3272,4339,0,no mains / natural or DC,0
0,0,3,870,-0.966460158085879,-0.11047700430310983,0.003784295175023652,1.2571428571428571,1.72,0.9314285714285714,32,28,3153,4286,107,0,34,30,3272,4339,0,no mains / natural or DC,0
0,0,3,880,-0.9659108249153111,-0.09509567552720725,-0.005188146610919523,-0.18857142857142858,0.7428571428571429,-0.9428571428571428,32,28,3153,4286,107,0,34,30,3272,4339,0,no mains / natural or DC,0
0,0,3,890,-0.9659108249153111,-0.09509567552720725,-0.005188146610919523,-0.18857142857142858,0.7428571428571429,-0.9428571428571428,33,28,3080,4094,110,0,35,32,2994,4283,0,no mains / natural or DC,0
0,0,3,900,-0.978667561876278,-0.035767693105868706,-0.038636432996612444,1.177142857142857,5.44,3.7657142857142856,33,28,3080,4094,110,0,35,32,2994,4283,0,no mains / natural or DC,0
0,0,3,910,-0.978667561876278,-0.035767693105868706,-0.038636432996612444,1.177142857142857,5.44,3.7657142857142856,33,28,3080,4094,110,0,35,32,2994,4283,0,no mains / natural or DC,0
0,0,3,920,-0.978667561876278,-0.038087099826044496,-0.029236732078005312,1.4914285714285713,1.262857142857143,3.6228571428571428,33,28,3080,4094,110,0,35,32,2994,4283,0,no mains / natural or DC,0
0,0,3,930,-0.9840388195440535,-0.038087099826044496,-0.029236732078005312,1.4914285714285713,1.262857142857143,3.6228571428571428,33,28,3080,4094,110,0,35,32,2994,4283,0,no mains / natural or DC,0
0,0,3,940,-0.9840388195440535,-0.038087099826044496,-0.029236732078005312,1.4914285714285713,1.262857142857143,2.3257142857142856,33,28,3080,4094,110,0,35,32,2994,4283,0,no mains / natural or DC,0
0,0,3,950,-0.9754936368907743,-0.08825952940458388,-0.027649769585253454,1.4514285714285715,6.1257142857142854,2.3257142857142856,33,28,3080,4094,110,0,35,32,2994,4283,0,no mains / natural or DC,0
0,0,3,960,-0.9520554216132084,-0.12561418500320445,-0.04400769066438795,2.2342857142857144,7.1085714285714285,1.12,33,28,3080,4094,110,0,35,32,2994,4283,0,no mains / natural or DC,0
0,0,3,970,-0.9520554216132084,-0.12561418500320445,-0.04400769066438795,2.2342857142857144,7.1085714285714285,1.12,33,28,3080,4094,110,0,35,32,2994,4283,0,no mains / natural or DC,0
0,0,3,980,-0.9757988219855342,-0.08038575395977661,-0.028992584002197334,3.0914285714285716,1.1657142857142857,0.72,33,28,3080,4094,110,0,35,32,2994,4283,0,no mains / natural or DC,0
0,0,3,990,-0.9757988219855342,-0.08038575395977661,-0.028992584002197334,3.0914285714285716,1.1657142857142857,0.72,34,29,4081,3132,113,0,35,31,4097,3288,0,no mains / natural or DC,0
0,0,4,0,-0.9690847499008148,-0.07617419965208899,-0.04504531998657185,2.137142857142857,-1.9142857142857144,-0.09142857142857143,34,29,4081,3132,113,0,35,31,4097,3288,0,no mains / natural or DC,0
0,0,4,10,-0.9690847499008148,-0.07617419965208899,-0.04504531998657185,2.137142857142857,-1.9142857142857144,0.5257142857142857,34,29,4081,3132,113,0,35,31,4097,3288,0,no mains / natural or DC,0
0,0,4,20,-0.9696951200903348,-0.07873775444807275,-0.06024353770561846,2.302857142857143,-1.7428571428571429,0.5257142857142857,34,29,4081,3132,113,0,35,31,4097,3288,0,no mains / natural or DC,0
0,0,4,30,-0.9696951200903348,-0.07873775444807275,-0.06024353770561846,2.302857142857143,-1.7428571428571429,0.5257142857142857,34,29,4081,3132,113,0,35,31,4097,3288,0,no mains / natural or DC,0
0,0,4,40,-0.9651783806878872,-0.0902737510299997,-0.037720877712332526,2.5542857142857143,-1.5885714285714285,0.6057142857142858,34,29,4081,3132,113,0,35,31,4097,3288,0,no mains / natural or DC,0
0,0,4,50,-0.9651783806878872,-0.0902737510299997,-0.037720877712332526,2.5542857142857143,-1.5885714285714285,0.6057142857142858,34,29,4081,3132,113,0,35,31,4097,3288,0,no mains / natural or DC,0
0,0,4,60,-0.977446821497238,-0.08215582750938444,-0.031922360911893065,2.7942857142857145,-1.782857142857143,0.6571428571428571,34,29,4081,3132,113,0,35,31,4097,3288,0,no mains / natural or DC,0
0,0,4,70,-0.977446821497238,-0.08215582750938444,-0.031922360911893065,3.217142857142857,-1.64,0.4514285714285714,34,29,4081,3132,113,0,35,31,4097,3288,0,no mains / natural or DC,0
